<?xml version="1.0" encoding="UTF-8"?>


<form-validation>


<formset>
  <form name ="RF">
  
  <field property="id" depends="intRange">
      <arg key="id" resource="false"></arg>
       <arg key ="${var:min}" resource="false" ></arg>
        <arg key ="${var:max}" resource="false" ></arg>
        <var>  
            <var-name>min</var-name>
            <var-value>111</var-value>
        </var>
          <var>
              <var-name>max</var-name>
            <var-value>999</var-value>
          </var>
  </field>
  

  <field property="name" depends="required">
    <arg  key="name" resource="false" />
  </field>
  
  <field property="email" depends="required,email">
    <arg  key="email" resource="false" />
  </field>
  
   <field property="creditcard" depends="creditCard">
    <arg  key="creditcard" resource="false" />
  </field>
 

  </form>

</formset>



<!-- Inida mob and salary val -->

<formset language="en" country="IN">
 <form name="RF">
     <field name="salary"  depends="floatRange" >
             <arg key="salary" resource="false"></arg>
       <arg key ="${var:min}" resource="false" ></arg>
        <arg key ="${var:max}" resource="false" ></arg>
        <var>  
            <var-name>min</var-name>
            <var-value>10000.5</var-value>
        </var>
          <var>
              <var-name>max</var-name>
            <var-value>200000.5</var-value>
          </var>
     </field>
 
 <field property="phone" depends="mask">
   <arg key="phone" resource="false" />
   <var>
       <var-name>mask</var-name>
       <var-value>[7-9]\d{9}$</var-value>
   </var>
 </field>
 </form>
</formset>


<formset language="en" country="US">
 <form name="RF">
     <field name="salary"  depends="floatRange" >
             <arg key="salary" resource="false"></arg>
       <arg key ="${var:min}" resource="false" ></arg>
        <arg key ="${var:max}" resource="false" ></arg>
        <var>  
            <var-name>min</var-name>
            <var-value>100000.5</var-value>
        </var>
          <var>
              <var-name>max</var-name>
            <var-value>2000000.5</var-value>
          </var>
     </field>
 
 <field property="phone" depends="mask">
   <arg key="phone" resource="false" />
   <var>
       <var-name>mask</var-name>
       <var-value>[2-4]\d{9}$</var-value>
   </var>
 </field>
 </form>
</formset>
</form-validation>