<?xml version="1.0" encoding="UTF-8"?>


<struts-config>


<form-beans>
<form-bean name="RF"  type="beans.Regform" />
</form-beans>

<action-mappings>
<action path="/reg" name="RF" validation="true" scope="session" input="/index.jsp" />
</action-mappings>
<message-resources parameter="resources/Messages"></message-resources>



   <plug-in className="org.apache.struts.validator.ValidatorPlugIn">
        <set-property property="pathnames" 
                      value="/WEB-INF/validator-rules.xml,
                             /WEB-INF/EmpRegForm.xml"/>
      </plug-in>

</struts-config>