<?xml version="1.0" encoding="UTF-8"?>
<!DOCTYPE struts-config PUBLIC
"-//Apache Software Foundation//DTD Struts Configuration 1.3//EN"
"http://jakarta.apache.org/struts/dtds/struts-config_1_3.dtd">
<struts-config>

<form-beans>

</form-beans>

<action-mappings>

<action path="/goto" type="controller.TilesForwardController" >
<forward name="home" path="welcomehome"  />
<forward name="about" path="about"  />
<forward name="contact" path="contact"  />
<forward name="batches" path="batches"  />
<forward name="reg" path="reg"  />

</action>

<action path="/reg" name="RF" input="/index.jsp"></action>


</action-mappings>

<controller processorClass="org.apache.struts.tiles.TilesRequestProcessor" ></controller>
<message-resources parameter="resources/messages" />

 <plug-in className="org.apache.struts.tiles.TilesPlugin">
        <set-property property="definitions-config" 
                      value="/WEB-INF/tiles.xml"/>
      </plug-in>

     
</struts-config>