<?xml version="1.0" encoding="UTF-8"?>
 <!DOCTYPE tiles-definitions PUBLIC
       "-//Apache Software Foundation//DTD Tiles Configuration 1.1//EN"
       "http://jakarta.apache.org/struts/dtds/tiles-config_1_1.dtd">

<tiles-definitions>
<definition name="welcomehome" path="/template/brillio.html">
   <put name="menu" value="/views/menu.html"/>
    <put name="head" value="/views/head.html"/>
     <put name="body" value="/views/home.html"/>
      <put name="foot" value="/views/footer.html"/>
</definition>

<definition name="reg" extends="welcomehome">
<put name="body" value="/body/reg.jsp" />
</definition>






<definition name="about" extends="welcomehome">
<put name="body" value="/body/about.html" />
</definition>
<definition name="contact" extends="welcomehome">
<put name="body" value="/body/contact.html" />
</definition>


</tiles-definitions>