<?xml version="1.0" encoding="UTF-8"?>



<hibernate-configuration>

<session-factory>

<property name = "connection.url">jdbc:mysql://localhost:3306/employee</property>
<property name="connection.username">root</property>
<property name="connection.password">Engineer$7</property>
<property name="connection.driver.class">com.mysql.jdbc.Driver</property>
<property name="hbm2ddl.auto">create</property>
<property name="dialect">org.hibernate.dialect.MySQLDialect</property>
<mapping resource="emp.hbm.xml"/>

</session-factory>




</hibernate-configuration>