<?xml version="1.0" encoding="UTF-8"?>
<!DOCTYPE struts-config PUBLIC
"-//Apache Software Foundation//DTD Struts Configuration 1.3//EN"
"http://jakarta.apache.org/struts/dtds/struts-config_1_3.dtd">
<struts-config>

<form-beans>
<form-bean name="RF" type="controller.Empform" />
</form-beans>

<action-mappings>

<action path="/reg" name="RF"  type="controller.EmpCrudController" parameter="submit" >

<forward name="success" path="/success.jsp"/>
<forward name="failure" path="/failure.jsp"/>
<forward name="find" path="/find.jsp"/>
<forward name="findall" path="/findall.jsp"/>
</action>
<action path= "/changelang" type="controller.ChangeLanguageController" >
<forward name="index" path="/index.jsp" />
</action>

</action-mappings>


<message-resources parameter="resources/crud"></message-resources>



</struts-config>